{
  "rows": 10000,
  "columns": 14,
  "missing_values": 0,
  "churn_rate": 0.2037,
  "retained_count": 7963,
  "churn_count": 2037,
  "top_geo_churn": {
    "Germany": 0.32443204463929853,
    "Spain": 0.1667339523617279,
    "France": 0.16154766653370561
  },
  "gender_churn": {
    "Female": 0.2507153863086066,
    "Male": 0.16455928165658787
  },
  "active_churn": {
    "0": 0.26850897092183956,
    "1": 0.14269073966220153
  },
  "products_churn": {
    "1": 0.27714398111723054,
    "2": 0.07581699346405228,
    "3": 0.8270676691729323,
    "4": 1.0
  },
  "age_churn": {
    "(17, 30]": 0.07520325203252033,
    "(30, 40]": 0.12087171422152325,
    "(40, 50]": 0.3396551724137931,
    "(50, 60]": 0.562107904642409,
    "(60, 100]": 0.2478448275862069
  },
  "zero_balance_rate": 0.3617
}